Method;Job;AnalyzeLaunchVariance;EvaluateOverhead;MaxAbsoluteError;MaxRelativeError;MinInvokeCount;MinIterationTime;OutlierMode;Affinity;EnvironmentVariables;Jit;LargeAddressAware;Platform;PowerPlanMode;Runtime;AllowVeryLargeObjects;Concurrent;CpuGroups;Force;HeapAffinitizeMask;HeapCount;NoAffinitize;RetainVm;Server;Arguments;BuildConfiguration;Clock;EngineFactory;NuGetReferences;Toolchain;IsMutator;InvocationCount;IterationCount;IterationTime;LaunchCount;MaxIterationCount;MaxWarmupIterationCount;MemoryRandomization;MinIterationCount;MinWarmupIterationCount;RunStrategy;UnrollFactor;WarmupCount;Period;Mean;Error;StdDev;Ratio;RatioSD;Allocated;Alloc Ratio
Modulo;ShortRun;False;Default;Default;Default;Default;Default;Default;1111111111111111111111;Empty;RyuJit;Default;X64;8c5e7fda-e8bf-4a96-9a85-a6e23a8c635c;.NET 10.0;False;True;False;True;Default;Default;False;False;False;Default;Default;Default;Default;Default;Default;Default;Default;3;Default;1;Default;Default;Default;Default;Default;Default;16;3;5;72.53 ns;6.087 ns;0.334 ns;1.00;0.01;0 B;NA
IndexCache;ShortRun;False;Default;Default;Default;Default;Default;Default;1111111111111111111111;Empty;RyuJit;Default;X64;8c5e7fda-e8bf-4a96-9a85-a6e23a8c635c;.NET 10.0;False;True;False;True;Default;Default;False;False;False;Default;Default;Default;Default;Default;Default;Default;Default;3;Default;1;Default;Default;Default;Default;Default;Default;16;3;5;31.53 ns;17.716 ns;0.971 ns;0.43;0.01;0 B;NA
DuplicatedArray;ShortRun;False;Default;Default;Default;Default;Default;Default;1111111111111111111111;Empty;RyuJit;Default;X64;8c5e7fda-e8bf-4a96-9a85-a6e23a8c635c;.NET 10.0;False;True;False;True;Default;Default;False;False;False;Default;Default;Default;Default;Default;Default;Default;Default;3;Default;1;Default;Default;Default;Default;Default;Default;16;3;5;24.70 ns;11.451 ns;0.628 ns;0.34;0.01;0 B;NA
BitMaskPowerOf2;ShortRun;False;Default;Default;Default;Default;Default;Default;1111111111111111111111;Empty;RyuJit;Default;X64;8c5e7fda-e8bf-4a96-9a85-a6e23a8c635c;.NET 10.0;False;True;False;True;Default;Default;False;False;False;Default;Default;Default;Default;Default;Default;Default;Default;3;Default;1;Default;Default;Default;Default;Default;Default;16;3;5;NA;NA;NA;?;?;NA;?
ConditionalSubtract;ShortRun;False;Default;Default;Default;Default;Default;Default;1111111111111111111111;Empty;RyuJit;Default;X64;8c5e7fda-e8bf-4a96-9a85-a6e23a8c635c;.NET 10.0;False;True;False;True;Default;Default;False;False;False;Default;Default;Default;Default;Default;Default;Default;Default;3;Default;1;Default;Default;Default;Default;Default;Default;16;3;5;35.09 ns;10.490 ns;0.575 ns;0.48;0.01;0 B;NA
Modulo;ShortRun;False;Default;Default;Default;Default;Default;Default;1111111111111111111111;Empty;RyuJit;Default;X64;8c5e7fda-e8bf-4a96-9a85-a6e23a8c635c;.NET 10.0;False;True;False;True;Default;Default;False;False;False;Default;Default;Default;Default;Default;Default;Default;Default;3;Default;1;Default;Default;Default;Default;Default;Default;16;3;10;298.79 ns;18.754 ns;1.028 ns;1.00;0.00;0 B;NA
IndexCache;ShortRun;False;Default;Default;Default;Default;Default;Default;1111111111111111111111;Empty;RyuJit;Default;X64;8c5e7fda-e8bf-4a96-9a85-a6e23a8c635c;.NET 10.0;False;True;False;True;Default;Default;False;False;False;Default;Default;Default;Default;Default;Default;Default;Default;3;Default;1;Default;Default;Default;Default;Default;Default;16;3;10;130.75 ns;63.943 ns;3.505 ns;0.44;0.01;0 B;NA
DuplicatedArray;ShortRun;False;Default;Default;Default;Default;Default;Default;1111111111111111111111;Empty;RyuJit;Default;X64;8c5e7fda-e8bf-4a96-9a85-a6e23a8c635c;.NET 10.0;False;True;False;True;Default;Default;False;False;False;Default;Default;Default;Default;Default;Default;Default;Default;3;Default;1;Default;Default;Default;Default;Default;Default;16;3;10;94.21 ns;53.209 ns;2.917 ns;0.32;0.01;0 B;NA
BitMaskPowerOf2;ShortRun;False;Default;Default;Default;Default;Default;Default;1111111111111111111111;Empty;RyuJit;Default;X64;8c5e7fda-e8bf-4a96-9a85-a6e23a8c635c;.NET 10.0;False;True;False;True;Default;Default;False;False;False;Default;Default;Default;Default;Default;Default;Default;Default;3;Default;1;Default;Default;Default;Default;Default;Default;16;3;10;NA;NA;NA;?;?;NA;?
ConditionalSubtract;ShortRun;False;Default;Default;Default;Default;Default;Default;1111111111111111111111;Empty;RyuJit;Default;X64;8c5e7fda-e8bf-4a96-9a85-a6e23a8c635c;.NET 10.0;False;True;False;True;Default;Default;False;False;False;Default;Default;Default;Default;Default;Default;Default;Default;3;Default;1;Default;Default;Default;Default;Default;Default;16;3;10;107.34 ns;33.327 ns;1.827 ns;0.36;0.01;0 B;NA
Modulo;ShortRun;False;Default;Default;Default;Default;Default;Default;1111111111111111111111;Empty;RyuJit;Default;X64;8c5e7fda-e8bf-4a96-9a85-a6e23a8c635c;.NET 10.0;False;True;False;True;Default;Default;False;False;False;Default;Default;Default;Default;Default;Default;Default;Default;3;Default;1;Default;Default;Default;Default;Default;Default;16;3;14;562.55 ns;78.445 ns;4.300 ns;1.00;0.01;0 B;NA
IndexCache;ShortRun;False;Default;Default;Default;Default;Default;Default;1111111111111111111111;Empty;RyuJit;Default;X64;8c5e7fda-e8bf-4a96-9a85-a6e23a8c635c;.NET 10.0;False;True;False;True;Default;Default;False;False;False;Default;Default;Default;Default;Default;Default;Default;Default;3;Default;1;Default;Default;Default;Default;Default;Default;16;3;14;263.01 ns;198.894 ns;10.902 ns;0.47;0.02;0 B;NA
DuplicatedArray;ShortRun;False;Default;Default;Default;Default;Default;Default;1111111111111111111111;Empty;RyuJit;Default;X64;8c5e7fda-e8bf-4a96-9a85-a6e23a8c635c;.NET 10.0;False;True;False;True;Default;Default;False;False;False;Default;Default;Default;Default;Default;Default;Default;Default;3;Default;1;Default;Default;Default;Default;Default;Default;16;3;14;169.87 ns;159.834 ns;8.761 ns;0.30;0.01;0 B;NA
BitMaskPowerOf2;ShortRun;False;Default;Default;Default;Default;Default;Default;1111111111111111111111;Empty;RyuJit;Default;X64;8c5e7fda-e8bf-4a96-9a85-a6e23a8c635c;.NET 10.0;False;True;False;True;Default;Default;False;False;False;Default;Default;Default;Default;Default;Default;Default;Default;3;Default;1;Default;Default;Default;Default;Default;Default;16;3;14;NA;NA;NA;?;?;NA;?
ConditionalSubtract;ShortRun;False;Default;Default;Default;Default;Default;Default;1111111111111111111111;Empty;RyuJit;Default;X64;8c5e7fda-e8bf-4a96-9a85-a6e23a8c635c;.NET 10.0;False;True;False;True;Default;Default;False;False;False;Default;Default;Default;Default;Default;Default;Default;Default;3;Default;1;Default;Default;Default;Default;Default;Default;16;3;14;228.69 ns;76.224 ns;4.178 ns;0.41;0.01;0 B;NA
